year,title,authors,venue,publicationDate,citationCount,category,keywordTags,doi,sourceId,url,workType,language,relevanceScore,relevanceReason,abstractSnippet
1910,The morphology of the forebrain in amphibia and reptilia,C. J. Herrick,Unknown venue,1910-10-01,292,General Brain-AI Structure Reviews and Methods,brain-structure,10.1002/CNE.920200502,dc8b8e32cc95f7adb1d24386acc3d1e228eee08c,https://doi.org/10.1002/CNE.920200502,paper,unknown,4,brain; brain/neural structure in title,
1910,"NEUROCYTOMA OR NEUROBLASTOMA, A KIND OF TUMOR NOT GENERALLY RECOGNIZED",J. H. Wright,Journal of Experimental Medicine,1910-07-23,219,"Cognitive Architectures, Learning, and Systems Neuroscience",neural-signals,10.1084/jem.12.4.556,acd263b9c8c59f4b315acff8bfa1a3de132b61f2,https://doi.org/10.1084/jem.12.4.556,JournalArticle,unknown,1,ecog,"The object of this paper is to call attention to a group of tumors, the nature of which has hitherto escaped general recognition, and to point out their distinguishing characteristics."
1910,Cultivation of adult tissues and organs outside of the body,"A. Carrel, M. T. Burrows",Unknown venue,1910-10-15,131,"Cellular, Synaptic, and Neuromorphic Foundations",,10.1001/JAMA.1910.04330160047018,ea48f68d8f36a35fe64a9abfdd7bc943e8840590,https://doi.org/10.1001/JAMA.1910.04330160047018,paper,unknown,1,brain,"The solution of many problems of human pathology depends, in a large measure, on the finding of the still unknown physiologic laws of generation, growth and evolution of cells."
1910,THE CULTIVATION OF TISSUES OF THE CHICK-EMBRYO OUTSIDE THE BODY,M. T. Burrows,Unknown venue,1910-12-10,102,"Connectomics, Graph Models, and Brain Networks",connectome,10.1001/JAMA.1910.04330240035009,cebd098ba8cda535f06b5b24f2764b6de5915adf,https://doi.org/10.1001/JAMA.1910.04330240035009,paper,unknown,1,brain,In 1907 Harrison described briefly before the Society of Experimental Biology and Medicine 1 a method which he had found successful for the growing of certain tissues of the frog embryo outside the body.
1910,CONCERNING THE SECRETION OF THE INFUNDIBULAR LOBE OF THE PITUITARY BODY AND ITS PRESENCE IN THE CEREBROSPINAL FLUID,"H. Cushing, E. Goetsch",Unknown venue,1910-11-01,82,General Brain-AI Structure Reviews and Methods,,10.1152/AJPLEGACY.1910.27.1.60,317a1f2c325163de2040d2ba390555a529da0a65,https://doi.org/10.1152/AJPLEGACY.1910.27.1.60,paper,unknown,1,brain,
1910,"On the Occurrence of a Mesocoelic Recess in the Human Brain, and Its Relation to the Sub-Commissural Organ of Lower Vertebrates; with Special Reference to the Distribution of Reissner's Fibre in the Vertebrate Series and Its Possible Function","A. Dendy, G. Nicholls",Unknown venue,1910-08-10,48,General Brain-AI Structure Reviews and Methods,brain-structure,10.1098/RSPB.1910.0046,8737533fc94479f57ec10786aacf7b3f5288e2e1,https://doi.org/10.1098/RSPB.1910.0046,paper,unknown,4,brain; brain/neural structure in title,
1910,Surgery of the Brain and Spinal Cord,White,Unknown venue,1910-05-01,43,General Brain-AI Structure Reviews and Methods,brain-structure,10.1097/00005053-191005000-00019,85827b4aab4a86ab4b010fac609fee81ad98c4a6,https://doi.org/10.1097/00005053-191005000-00019,paper,unknown,4,brain; brain/neural structure in title,
1910,THE FUNCTIONS OF THE KINÆSTHETIC AREA OF THE BRAIN.,H. Bastian,Unknown venue,1910-03-01,39,General Brain-AI Structure Reviews and Methods,brain-structure,10.1093/BRAIN/32.4.327,5249582a975bd0c795e31b5564bb0d75fc1af44f,https://doi.org/10.1093/BRAIN/32.4.327,paper,unknown,4,brain; brain/neural structure in title,
1910,A Study of the Dementia Precox Group in the Light of Certain Cases Showing Anomalies or Scleroses in Particular Brain Regions,E. E. Southard,Unknown venue,1910-08-04,31,Clinical NeuroAI and Brain Disorders,brain-structure;clinical-neuroai,10.1056/NEJM191008041630503,9f8bb5a9fa7e8b8bd88e262b950b3452e297a22f,https://doi.org/10.1056/NEJM191008041630503,paper,unknown,4,brain; brain/neural structure in title,
1910,Cortical lamination and localisation in the brain of the marmoset,"F. Mott, E. Schuster, W. D. Halliburton",Unknown venue,1910-01-14,23,General Brain-AI Structure Reviews and Methods,brain-structure,10.1098/RSPB.1910.0004,53314134feffaabc629ed7ec33fbc90e1ac9064c,https://doi.org/10.1098/RSPB.1910.0004,paper,unknown,5,brain; cortical; brain/neural structure in title,
1910,THE CELL CHANGES IN AMAUROTIC FAMILY IDIOCY,"B. Sachs, I. Strauss",Journal of Experimental Medicine,1910-09-01,23,"Cellular, Synaptic, and Neuromorphic Foundations",brain-structure;neural-signals;clinical-neuroai,10.1084/jem.12.5.685,62d54c0d58be62ad15f6affc8f455bdee5bc81c5,https://doi.org/10.1084/jem.12.5.685,JournalArticle,unknown,3,brain; cortical; ecog,The morbid anatomy of amaurotic family idiocy is now as safely established as are the clinical symptoms of this interesting disorder of early childhood.
1910,"CEREBRAL MONOPLEGIA, WITH SPECIAL REFERENCE TO SENSATION AND TO SPASTIC PHENOMENA.",G. Bergmark,Unknown venue,1910-03-01,19,General Brain-AI Structure Reviews and Methods,brain-structure,10.1093/BRAIN/32.4.342,5df8ad159b554580ff409eabd1b13a884d79eeaa,https://doi.org/10.1093/BRAIN/32.4.342,paper,unknown,2,brain; cerebral,
1910,"The effects of various fixatives on the brain of the albino rat, with an account of a method of preparing this material for a study of the cells in the cortex",H. D. King,Unknown venue,1910-06-01,17,General Brain-AI Structure Reviews and Methods,brain-structure,10.1002/ar.1090040602,52974beda56ffa752a7bc8f5170b8904c412f18c,https://doi.org/10.1002/ar.1090040602,paper,unknown,5,brain; cortex; brain/neural structure in title,
1910,"Eine neue Methode zur Darstellung des Gliagewebes, nebst Beiträgen zur Kenntnis des Baues und der Anordnung der Neuroglia des Hundehirns",H. V. Fieandt,Unknown venue,1910-08-01,16,General Brain-AI Structure Reviews and Methods,,10.1007/BF02989890,96dda391eea03f5b1e67438eb4f2973e9c130e12,https://doi.org/10.1007/BF02989890,paper,unknown,0,Semantic Scholar brain-AI query,
1910,"The Physiology of Anaphylactic ""Shock"" in the Dog","R. M. Pearce, A. Eisenbrey",Unknown venue,1910-08-24,16,"Cellular, Synaptic, and Neuromorphic Foundations",clinical-neuroai,10.1093/INFDIS/7.4.565,d01539ac773a4e58231e4eb6f2161f1577ae1077,https://doi.org/10.1093/INFDIS/7.4.565,paper,unknown,0,Semantic Scholar brain-AI query,"The investigation here presented was incidental to a study of the treatment of various experimental conditions of low blood pressure,1 one of which was that associated with anaphylaxis in the dog."
1910,On the percentage of water in the brain and in the spinal cord of the albino rat,H. H. Donaldson,Unknown venue,1910-04-01,15,General Brain-AI Structure Reviews and Methods,brain-structure,10.1002/CNE.920200203,85ff7066b10edb6a634dd6f8be333b8cb3b09e53,https://doi.org/10.1002/CNE.920200203,paper,unknown,4,brain; brain/neural structure in title,
1910,The evolution of the cerebral cortex,J. Johnston,Unknown venue,1910-04-01,14,General Brain-AI Structure Reviews and Methods,brain-structure,10.1002/AR.1090040402,f3fcfeec0a23efee88ebd4f77674ec6e02f22262,https://doi.org/10.1002/AR.1090040402,paper,unknown,6,brain; cerebral; cortex; brain/neural structure in title,
1910,On the median anterior cerebral artery as found among the insane,I. Blackburn,Unknown venue,1910-06-01,12,"Cognitive Architectures, Learning, and Systems Neuroscience",brain-structure,10.1002/CNE.920200303,69bfe36cfb01ca345a13afa222e8907a2151a354,https://doi.org/10.1002/CNE.920200303,paper,unknown,1,cerebral,"The subject of anomalies of the cerebral arteries among the insane has received considerable attention in the past, especially noteworthy being the article by Bullen in the Journal of Mental Science, volume 36, 1890,1 but unfortunately comparative statis~ tics are meagre."
1910,A CASE OF OSTEITIS DEFORMANS TERMINATING WITH CEREBRAL SYMPTOMS,R. Hann,British medical journal,1910-01-15,11,General Brain-AI Structure Reviews and Methods,brain-structure,10.1136/BMJ.1.2559.135,c7198d13501218e9c72174d7e242a32a7feba26b,https://doi.org/10.1136/BMJ.1.2559.135,JournalArticle,unknown,2,brain; cerebral,
1910,A STUDY OF THE DEMENTIA PRÆCOX GROUP IN THE LIGHT OF CERTAIN CASES SHOWING ANOMALIES OR SCLEROSES IN PARTICULAR BRAIN-REGIONS,Unknown authors,Unknown venue,1910-07-01,11,Clinical NeuroAI and Brain Disorders,brain-structure;clinical-neuroai,10.1176/AJP.67.1.119,c0e06f5927018cd8cc27a3354499bb97ad2f5d72,https://doi.org/10.1176/AJP.67.1.119,paper,unknown,4,brain; brain/neural structure in title,
1910,"ON THE RELATION OF THE CATALYTIC ACTIVITY OF THE BLOOD TO THE NUMBER OF RED BLOOD CELLS IN HEALTH, AND TO THE NUMBER OF WHITE BLOOD CELLS AND THE BODY TEMPERATURE IN PERITONITIS","M. Winternitz, J. P. Pratt",Journal of Experimental Medicine,1910-01-01,11,"Cellular, Synaptic, and Neuromorphic Foundations",brain-structure,10.1084/jem.12.1.1,5ca8ae1a6e98e45f832f7982b67fd796354a039c,https://doi.org/10.1084/jem.12.1.1,JournalArticle,unknown,3,brain; eeg; meg,The catalytic activity of the blood of normal rabbits varies almost directly with the volume and number of red blood cells.
1910,Early stages in the development of the central nervous system of Amblystoma punctatum,Leland Griggs,Unknown venue,1910-10-01,10,General Brain-AI Structure Reviews and Methods,,10.1002/JMOR.1050210304,ed8ecc1ffb19de0963f448accf6d2887ee91d90a,https://doi.org/10.1002/JMOR.1050210304,paper,unknown,1,brain,
1910,CEREBRAL LOCALIZATION FROM THE POINT OF VIEW OF FUNCTION AND SYMPTOMS: With Special Reference to von Monakow's Theory of Diaschisis,M. Prince,Unknown venue,1910-06-01,9,General Brain-AI Structure Reviews and Methods,brain-structure,10.1097/00005053-191006000-00001,0b79e37c73b3407c564dc3fd5fa89de8cc475484,https://doi.org/10.1097/00005053-191006000-00001,paper,unknown,2,brain; cerebral,
1910,EPIDEMIC POLIOMYELITIS IN MONKEYS: A MODE OF SPONTANEOUS INFECTION,"S. Flexner, P. Lewis",Unknown venue,1910-02-12,9,"Cognitive Architectures, Learning, and Systems Neuroscience",,10.1001/JAMA.1910.92550330001001L,8381fcae470528879ddbdaf2e0d60169c17dc902,https://doi.org/10.1001/JAMA.1910.92550330001001L,paper,unknown,0,Semantic Scholar brain-AI query,"In our previous communications 1 on experimental poliomyelitis, we have left entirely undiscussed the manner in which the virus of epidemic poliomyelitis enters and leaves the human body, points which we propose to discuss in the present note."
1910,EXPERIMENTS ON THE PATHS TAKEN BY VOLITIONAL IMPULSES PASSING FROM THE CEREBRAL CORTEX TO THE CORD: THE PYRAMIDS AND THE VENTRO-LATERAL DESCENDING TRACTS,E. Schäfer,Unknown venue,1910-01-10,9,General Brain-AI Structure Reviews and Methods,brain-structure,10.1113/EXPPHYSIOL.1910.SP000077,b913a84825bbdb952df1b6b4cf15d9f1e1b50199,https://doi.org/10.1113/EXPPHYSIOL.1910.SP000077,paper,unknown,6,brain; cerebral; cortex; brain/neural structure in title,
1910,"TETANIC CONVULSIONS IN FROGS PRODUCED BY ACID FUCHSIN, AND THEIR RELATION TO THE PROBLEM OF INHIBITION IN THE CENTRAL NERVOUS SYSTEM","H. Barbour, J. J. Abel",Journal of Pharmacology and Experimental Therapeutics,1910-12-01,9,General Brain-AI Structure Reviews and Methods,,10.1016/s0022-3565(25)03778-4,0b45a20a3cd99b6db041eb2eb4a6c12b6efd3eaf,https://doi.org/10.1016/s0022-3565(25)03778-4,JournalArticle,unknown,1,brain,
1910,THE CENTRAL NERVOUS SYSTEM AS A FACTOR IN THE REGENERATION OF POLYCLAD TURBELLARIA,C. M. Child,Unknown venue,1910-11-01,9,General Brain-AI Structure Reviews and Methods,,10.2307/1535949,85de9fe17f9c355985f4c65a4f60d882042a2dff,https://doi.org/10.2307/1535949,paper,unknown,1,brain,
1910,ANATOMICAL FINDINGS IN SENILE DEMENTIA: A DIAGNOSTIC STUDY BEARING ESPECIALLY ON THE GROUP OF CEREBRAL ATROPHIES,E. Southard,Unknown venue,1910-04-01,8,Clinical NeuroAI and Brain Disorders,brain-structure;neural-signals;clinical-neuroai,10.1176/AJP.66.4.673,87be2bcdf35aa554251834e3098c2333569868a2,https://doi.org/10.1176/AJP.66.4.673,Review,unknown,3,cerebral; cortical; ecog,"al clinics have been reviewed clinically and anatomically, with a surprisingly low general percentage of accuracy (66 per cent) where either cerebral atrophy or cortical arteriosclerosis or both were regarded as confirmatory, and with still lower percentages: (48 per cent) where cortical arteriosclerosis was considered essential and (38 per cent) where cerebral atrophy was considered essential for a correct diagnosis."
1910,Syphilis and Its Treatment,M. Simons,Texas medical journal,1910-09-01,8,"Cognitive Architectures, Learning, and Systems Neuroscience",brain-structure;connectome;neural-signals;clinical-neuroai,,5d16c42f1afec263d25c2c5fba1b8003164e3d6b,https://www.semanticscholar.org/paper/5d16c42f1afec263d25c2c5fba1b8003164e3d6b,JournalArticle,unknown,2,brain; ecog,s and Selections. Syphilis and Its Treatment.
1910,THE ACTION OF DRUGS UPON THE CEREBRAL VESSELS,"W. E. Dixon, W. D. Halliburton",Unknown venue,1910-01-10,8,General Brain-AI Structure Reviews and Methods,brain-structure,10.1113/EXPPHYSIOL.1910.SP000075,0ab9d617082f8aea07f54234e6c2d7491cbbb63a,https://doi.org/10.1113/EXPPHYSIOL.1910.SP000075,paper,unknown,2,brain; cerebral,
1910,CEREBROSPINAL FLUID OF ANOMALOUS CHARACTER IN A CASE OF INTRASPINAL TUMOR,C. Cooper,Unknown venue,1910-12-31,7,Clinical NeuroAI and Brain Disorders,,10.1001/JAMA.1910.04330270020011,76f64ef1f71952d1ccbe7c6174ca8e5d4be4e157,https://doi.org/10.1001/JAMA.1910.04330270020011,paper,unknown,1,brain,
1910,Severe sepsis following tonsil operations: With a case of death from sepsis following tonsillectomy; a case of cerebral thrombo-sinusitis following tonsillotomy; a case of gangrene of muscles of the neck following tonsillectomy.,L. W. Dean,Unknown venue,1910-07-01,7,General Brain-AI Structure Reviews and Methods,brain-structure,10.1288/00005537-191007000-00004,05e824d40a348b5cfefaf803648abfee3d8a30f8,https://doi.org/10.1288/00005537-191007000-00004,paper,unknown,2,brain; cerebral,
1910,THE CATALYTIC ACTIVITY OF THE DEVELOPING HEN'S EGG,"M. Winternitz, W. B. Rogers",Journal of Experimental Medicine,1910-01-01,7,General Brain-AI Structure Reviews and Methods,brain-structure,10.1084/JEM.12.1.12,a3a41ddf177aaf519d5f52e9516ab8ce751312fd,https://doi.org/10.1084/JEM.12.1.12,JournalArticle,unknown,1,brain,A. The catalytic activity of the tissues of newly born and adult rabbits.
1910,A cast of the ventricles of the human brain,R. W. Harvey,Unknown venue,1910-10-01,6,General Brain-AI Structure Reviews and Methods,brain-structure,10.1002/AR.1090041003,f10175dddd61044f506ff5a998f08ded284b7328,https://doi.org/10.1002/AR.1090041003,paper,unknown,4,brain; brain/neural structure in title,
1910,ABSTRACT OF THE Fourth William Mitchell Banks Memorial Lecture ON RECENT OBSERVATIONS ON TUMOURS OF THE BRAIN AND THEIR SURGICAL TREATMENT.,H. Cushing,Unknown venue,1910-01-08,6,General Brain-AI Structure Reviews and Methods,brain-structure,10.1016/S0140-6736(01)74707-1,f0c732427712fee1eb6e128ac53c1dbe1342afb6,https://doi.org/10.1016/S0140-6736(01)74707-1,paper,unknown,4,brain; brain/neural structure in title,
1910,"Preliminary note upon the cell lamination of the cerebral cortex of echidna, with an enumeration of the fibres in the cranial nerves",E. Schuster,Unknown venue,1910-01-14,5,"Cellular, Synaptic, and Neuromorphic Foundations",brain-structure,10.1098/RSPB.1910.0003,3cc7e1a362953605c4b827aab0bee6a2d087e703,https://doi.org/10.1098/RSPB.1910.0003,paper,unknown,6,brain; cerebral; cortex; brain/neural structure in title,
1910,THE QUESTION OF THE SIDE AFFECTED IN HEMIPLEGIA AND IN ARTERIAL LESIONS OF THE BRAIN,Ernest R. Jones,Unknown venue,1910-04-01,5,General Brain-AI Structure Reviews and Methods,brain-structure,10.1093/OXFORDJOURNALS.QJMED.A069246,1a551025741249da73bfdda11f7742a2ed38461f,https://doi.org/10.1093/OXFORDJOURNALS.QJMED.A069246,paper,unknown,4,brain; brain/neural structure in title,
1910,DEAFNESS DUE TO LESIONS IN THE BRAIN,M. Starr,Unknown venue,1910-07-01,4,General Brain-AI Structure Reviews and Methods,brain-structure,10.1097/00005053-191007000-00001,48d10d81780411438307ea0036d80f5afc44cef4,https://doi.org/10.1097/00005053-191007000-00001,paper,unknown,4,brain; brain/neural structure in title,
1910,"MULTIPLE SCLEROSIS WITH PRIMARY DEGENERATION OF THE MOTOR COLUMNS AND HYPOPLASIA, PRINCIPALLY OF THE BRAIN STEM","T. H. Weisenburg, S. D. Ingham",Unknown venue,1910-11-01,4,General Brain-AI Structure Reviews and Methods,brain-structure,10.1097/00005053-191011000-00002,edfbbd9386db1d472db0072d43994b77a702ada9,https://doi.org/10.1097/00005053-191011000-00002,paper,unknown,4,brain; brain/neural structure in title,
1910,STUDIES IN THE REFLEXES OF THE GUINEA-PIG. III.: THE EFFECT OF REMOVAL OF THE CORTEX OF ONE CEREBRAL HEMISPHERE,T. Brown,Unknown venue,1910-01-07,4,General Brain-AI Structure Reviews and Methods,brain-structure,10.1113/EXPPHYSIOL.1910.SP000061,843f937271d434e13ec7d506777a9c612af6078f,https://doi.org/10.1113/EXPPHYSIOL.1910.SP000061,paper,unknown,6,brain; cerebral; cortex; brain/neural structure in title,
1910,THE DISTRIBUTION OF ANTIBODIES AND THEIR FORMATION BY THE BLOOD,"L. Hektoen, A. J. Carlson",Unknown venue,1910-01-08,4,General Brain-AI Structure Reviews and Methods,,10.1001/JAMA.1910.92550280001001R,f2a326fdb2e4581af39ad7865632ea8035cd6b95,https://doi.org/10.1001/JAMA.1910.92550280001001R,paper,unknown,1,brain,In the following we give a brief summary of the principal results that we have obtained from a study of the distribution of antibodies in the body fluids of dogs and of their formation by the blood.
1910,"A CASE OF RETROGRADE PUBERTY, IMPOTENCE AND DIABETES INSIPIDUS, RELIEVED BY SUPRARENAL CORTEX",W. Belfield,Unknown venue,1910-07-16,3,General Brain-AI Structure Reviews and Methods,brain-structure,10.1001/JAMA.1910.04330030037012,7372f34210af8c08345f5dc2084f9ca60bd8216c,https://doi.org/10.1001/JAMA.1910.04330030037012,paper,unknown,5,brain; cortex; brain/neural structure in title,
1910,"Examination of the Brain of a Man who Lived Seven Hours after Receiving a Shock of 20,000 volts. 1","F. Mott, E. Schuster",Proceedings of the Royal Society of Medicine,1910-03-01,3,General Brain-AI Structure Reviews and Methods,brain-structure,10.1177/003591571000301216,7dff84f1bc63823186f3f86b0896880b394f1e38,https://doi.org/10.1177/003591571000301216,JournalArticle,unknown,4,brain; brain/neural structure in title,
1910,"On the Structure, Development, and Morphological Interpretation of the Pineal Organs and Adjacent Parts of the Brain in the Tuatara (Sphenodon punctatus)",A. Dendy,Unknown venue,1910-09-22,3,"Electrophysiology, Neural Signals, and AI Decoding",brain-structure,10.1098/RSPB.1910.0058,406cb68827a34de42827ad8e0a64a2f51f58c4d5,https://doi.org/10.1098/RSPB.1910.0058,paper,unknown,6,brain; eeg; meg; brain/neural structure in title,
1910,"Plasma-Cells and the Reactive Phenomena in Cerebral Cysticercus [Sulle Plasmacellule e sui Fenomeni Reattivi nella Cisticercosi Cerebrale]. (Riv. di Patol. Nerv. e Ment., vol. xiv, fasc. viii.) Papadia, G.",Hamilton C. Marr,Unknown venue,1910-07-01,3,"Cellular, Synaptic, and Neuromorphic Foundations",brain-structure,10.1192/BJP.56.234.542-A,0a8389f60330e3089a8a783adbbe267f6228cbd3,https://doi.org/10.1192/BJP.56.234.542-A,paper,unknown,2,brain; cerebral,
1910,THE INFLUENCE OF VARIOUS ORGANS ON THE CATALYTIC ACTIVITY OF THE BLOOD,"M. Winternitz, J. P. Pratt",Journal of Experimental Medicine,1910-03-14,3,Clinical NeuroAI and Brain Disorders,brain-structure;clinical-neuroai,10.1084/jem.12.2.115,0bd00d881835a2fe894558decfa898182002b036,https://doi.org/10.1084/jem.12.2.115,JournalArticle,unknown,3,brain; eeg; meg,The object of this work has been to study the influence which various organs exert on the catalytic activity of the blood.
1910,XXXIV. Operative Procedure for Brain Abscess of Otitic Origin,L. W. Dean,Unknown venue,1910-09-01,3,General Brain-AI Structure Reviews and Methods,brain-structure,10.1177/000348941001900302,8284612da228b495c030b250219171662536e2e3,https://doi.org/10.1177/000348941001900302,JournalArticle; Review,unknown,4,brain; brain/neural structure in title,
1910,A Case of Tumor of the Medulla Oblongata.,"L. Newmark, M. Lennon",California state journal of medicine,1910-05-01,2,Clinical NeuroAI and Brain Disorders,,,b8b1d72b58b951786eb1187197542aa7c843d20d,https://www.semanticscholar.org/paper/b8b1d72b58b951786eb1187197542aa7c843d20d,JournalArticle,unknown,1,brain,
1910,EXOPHTHALMOS IN BRAIN TUMOR: WITH REPORT OF EIGHT CASES,T. H. Weisenburg,Unknown venue,1910-12-03,2,Clinical NeuroAI and Brain Disorders,brain-structure,10.1001/JAMA.1910.04330230015005,e6c30adc73b792d0ef140e59c76872d7e3f8c909,https://doi.org/10.1001/JAMA.1910.04330230015005,paper,unknown,4,brain; brain/neural structure in title,
1910,How can the process underlying membrane formation cause the development of the egg?,J. Loeb,Unknown venue,1910-04-01,2,General Brain-AI Structure Reviews and Methods,brain-structure,10.3181/00379727-7-75,c4357c8938cbf5b5ecfab0a84544394f9bba632c,https://doi.org/10.3181/00379727-7-75,JournalArticle,unknown,2,brain; cortical,In a series of previous papers it was shown that the process underlying the formation of the fertilization membrane is the essential act in the causation of development.
1910,"OBSERVATIONS ON A CASE OF PROTRACTED CEREBROSPINAL SYPHILIS WITH STRIKING INTERMITTENCY OF SYMPTOMS: ATTEMPT AT CORRELATION WITH ASCENDING MENINGOMYELITIS, CRANIAL NEURITIS, SUBCORTICAL ENCEPHALITIS, AND FOCAL ENCEPHALOMALACIA FOUND AT AUTOPSY","J. Putnam, E. Southard",Unknown venue,1910-03-01,2,General Brain-AI Structure Reviews and Methods,brain-structure,10.1097/00005053-191003000-00001,a7d78f55dd628b39acd0b8a45cd6a51205dafc4d,https://doi.org/10.1097/00005053-191003000-00001,paper,unknown,2,brain; cortical,
1910,The Material Fundamentals and the Prognosis of the Accident Neurosis Following Brain Shock (Commotion Neurosis),M. Friedmann,Unknown venue,1910-04-01,2,Clinical NeuroAI and Brain Disorders,brain-structure;clinical-neuroai,10.1055/S-0028-1142706,7f4c38fd731c7064fae3560a1b7c5127d932b540,https://doi.org/10.1055/S-0028-1142706,paper,unknown,4,brain; brain/neural structure in title,
1910,"The Significance of Transient Cerebral Crises and Seizures, as Occurring in Arterio-Sclerotics",James D. Heard,Edinburgh medical journal,1910-11-01,2,Clinical NeuroAI and Brain Disorders,brain-structure;neural-signals;clinical-neuroai,,8f84912cbbba661bb01b24ceb601922bec4982b4,https://www.semanticscholar.org/paper/8f84912cbbba661bb01b24ceb601922bec4982b4,paper,unknown,3,brain; cerebral; ecog,"In a number of affections, as uraemia, progressive paralysis, and arterio-sclerosis, there may occur cerebral manifestations of an apoplectiform or epileptiform type which are of a transitory nature."
1910,THREE CASES OF TUMOR IN THE CERE-BELLO-PONTILE ANGLE,J. Grinker,Unknown venue,1910-12-03,2,Clinical NeuroAI and Brain Disorders,brain-structure,10.1001/JAMA.1910.04330230019007,0a1a44c21be4e00c5e925e33c2366b68afa3e4a3,https://doi.org/10.1001/JAMA.1910.04330230019007,paper,unknown,2,brain; cerebellum,"Since the subject of tumor of the brain has ceased to have a mere academic interest, and has become the coveted point of attack of every progressive surgeon, reports of well-observed cases have become regular topics for discussion in neurologic and surgical gatherings."
1910,"Über zwei weitere Fälle von Kombination cerebraler, gummöser Lues mit progressiver Paralyse nebst Beiträgen zur Frage der ""Lues cerebri diffusa"" und der ""luetischen Encephalitis"". pp. 36-53","E. Sträussler, Priv.-Doz.",Unknown venue,1910-07-01,2,General Brain-AI Structure Reviews and Methods,brain-structure,10.1159/000203494,231a33984c82d00c37d9f448d3e17aed42d91c73,https://doi.org/10.1159/000203494,paper,unknown,2,brain; cerebral,
1910,4. THE RELATION OF BRAIN PHOSPHATIDS TO TISSUE METABOLITES,"W. Koch, A. Williams",Journal of Pharmacology and Experimental Therapeutics,1910-12-01,1,General Brain-AI Structure Reviews and Methods,brain-structure,10.1016/s0022-3565(25)03785-1,740ce56b19790c2ab7177b29b77d172f172aee80,https://doi.org/10.1016/s0022-3565(25)03785-1,JournalArticle,unknown,4,brain; brain/neural structure in title,
1910,A CASE OF EPILEPSY WITH MULTIPLE CORTICAL FOCAL SOFTENING,G. Y. Rusk,Unknown venue,1910-02-01,1,Clinical NeuroAI and Brain Disorders,brain-structure;clinical-neuroai,10.1097/00005053-191002000-00007,dee3f96c0683ddeb50898a61d8c5856229595841,https://doi.org/10.1097/00005053-191002000-00007,paper,unknown,1,cortical,
1910,A method of isolating the cerebro-medullary circulation,A. Eisenbrey,Unknown venue,1910-04-01,1,"Electrophysiology, Neural Signals, and AI Decoding",brain-structure,10.3181/00379727-7-72,b1b735e078ff4850392f0bb9c5db9e1a29835097,https://doi.org/10.3181/00379727-7-72,JournalArticle,unknown,3,cerebral; eeg; meg,"In a recent study by Dr. R. M. Pearce and myself of the mechanism of certain experimental conditions of low blood pressure, the following difficulties were encountered: 1."
1910,A PRELIMINARY REPORT UPON THE TREATMENT OF THE SPASTICITY OF CEREBRAL DIPLEGIA BY SECTION OF THE POSTERIOR SPINAL NERVE ROOTS,"L. P. Clark, A. S. Taylor",Unknown venue,1910-02-01,1,General Brain-AI Structure Reviews and Methods,brain-structure,10.1097/00005053-191002000-00009,c03feaa617b48a88067e8c2ebf65ea9f2bb16e44,https://doi.org/10.1097/00005053-191002000-00009,paper,unknown,2,brain; cerebral,
1910,An examination of Fröhlich's theory of the treppe,"F. S. Lee, E. Harvey",Unknown venue,1910-05-01,1,General Brain-AI Structure Reviews and Methods,,10.3181/00379727-7-84,e740484f097f87eb9efd99835ef91b74d725f60c,https://doi.org/10.3181/00379727-7-84,JournalArticle,unknown,1,brain,It is commonly believed that during the treppe a muscle possesses a progressively augmented power of performing work.
1910,"Arterial Spasm in the Brain, Associated with Transient and Permanent Paralysis","G. A. Allan, G. H. Wilson",Glasgow medical journal,1910-07-01,1,General Brain-AI Structure Reviews and Methods,brain-structure,,d72dac8ca9f9eb7d0bca83b21e92911652282eec,https://www.semanticscholar.org/paper/d72dac8ca9f9eb7d0bca83b21e92911652282eec,JournalArticle,unknown,4,brain; brain/neural structure in title,
1910,Bacterial Invasion of the Blood and the Cerebrospinal Fluid by Way of Mesenteric Lymph Nodes: A Study of Fifty Cases of Mental Disease,"E. Southard, M. M. Canavan",Unknown venue,1910-08-04,1,General Brain-AI Structure Reviews and Methods,,10.1056/NEJM191008041630508,c231b2b5b820a6618949a3f05fc99db51da8f053,https://doi.org/10.1056/NEJM191008041630508,paper,unknown,1,brain,
1910,"BRAIN TUMOR OF PSYCHOMOTOR AREA: CAUSING JACKSONIAN AND GENERALIZED CONVULSIONS, VISUAL HALLUCINATIONS, SOMATIC DELUSIONS, ASTEREOGNOSIS AND HEMIPLEGIC PARALYSIS. OPERATION. RECOVERY, MENTAL AND PHYSICAL","F. W. Langdon, S. Kramer",Unknown venue,1910-12-03,1,Clinical NeuroAI and Brain Disorders,brain-structure,10.1001/JAMA.1910.04330230018006,0ed111dc936c723015fcf4ade72c8efe69f9cb53,https://doi.org/10.1001/JAMA.1910.04330230018006,paper,unknown,4,brain; brain/neural structure in title,"NEUROLOGIC REPORT BY DR. LANGDON The case here reported presents no unusual features pertaining to the growth itself, its localization, the operative procedures or the recovery therefrom."
1910,Case of Cerebral Hemorrhage in the Newborn; Delivered by Operation,"F. T. Murphy, J. R. Torbert",Unknown venue,1910-05-12,1,General Brain-AI Structure Reviews and Methods,brain-structure,10.1056/NEJM191005121621906,f4e5db003a042656e7269254c6a33d8372238d58,https://doi.org/10.1056/NEJM191005121621906,paper,unknown,2,brain; cerebral,
1910,CONCUSSION OF THE BRAIN,A. Allen,Unknown venue,1910-03-01,1,General Brain-AI Structure Reviews and Methods,brain-structure,10.1001/JAMA.1910.04330110045018,7ef0147dd4e9d4413d9cafe8c9b16fb545ff7915,https://doi.org/10.1001/JAMA.1910.04330110045018,paper,unknown,5,brain; cerebral; brain/neural structure in title,In this day and generation a justification is desirable when a single case is reported.
1910,Diuretics,G. L. Servoss,Texas medical journal,1910-12-01,1,General Brain-AI Structure Reviews and Methods,brain-structure,10.2165/00128415-199304420-00033,d353fc5175ed96d86a60f23534b2b54cbc5302da,https://doi.org/10.2165/00128415-199304420-00033,JournalArticle,unknown,2,brain; cerebral,"Thiazides (eg, bendroflumethiazide, hydrochlorothiazide and the thiazide-like diuretic indapamide) are used mainly in low dose in the treatment of hypertension but also, in the case of metolazone, in combination with loop diuretics to treat severe heart failure."
1910,ENCAPSULATED CEREBRAL ABSCESS,J. Macewen,Unknown venue,1910-06-04,1,General Brain-AI Structure Reviews and Methods,brain-structure,10.1016/S0140-6736(00)50744-2,b3e95d0e113109619ecaa8d89eb5ec4370653eb9,https://doi.org/10.1016/S0140-6736(00)50744-2,paper,unknown,2,brain; cerebral,
1910,LXV. A Case of Brain Abscess with Rare Ocular Symptoms,C. Barck,Unknown venue,1910-12-01,1,General Brain-AI Structure Reviews and Methods,brain-structure,10.1177/000348941001900412,9f595bcbe1a4ce9ad03def2d2a0bd3d7f6da637a,https://doi.org/10.1177/000348941001900412,JournalArticle,unknown,4,brain; brain/neural structure in title,
1910,NOTE ON AN INTERESTING CASE OF CEREBRAL TUMOUR.,P. Conran,Unknown venue,1910-04-23,1,General Brain-AI Structure Reviews and Methods,brain-structure,10.1016/S0140-6736(01)14189-9,7093cbdb05d8f54e0d432f771f218cb152781f62,https://doi.org/10.1016/S0140-6736(01)14189-9,paper,unknown,2,brain; cerebral,
1910,On the Association Functions of the Cerebrum,S. Franz,Unknown venue,1910-12-08,1,General Brain-AI Structure Reviews and Methods,,10.2307/2013276,5bf0de9d9b24954c61177e4759bb12c977218f24,https://doi.org/10.2307/2013276,paper,unknown,2,brain; cerebrum,
1910,Systematic Histological Examination of the Central Nervous System of a Case of Transverse Lesion of the Spinal Cord in the Lower Cervical Region.,"S. Sewell, H. Turnbull",Proceedings of the Royal Society of Medicine,1910-03-01,1,General Brain-AI Structure Reviews and Methods,,10.1177/003591571000301206,58ca1d6948aeabe7d21adbeff1157cc32fb0cc42,https://doi.org/10.1177/003591571000301206,JournalArticle; CaseReport,unknown,1,brain,
1910,THE INFLUENCE OF MAGNESIUM SULPHATE ON THE MOTOR CELLS OF THE CEREBRAL CORTEX,"H. F. Hyndman, W. E. Mitchener",Unknown venue,1910-07-23,1,"Cellular, Synaptic, and Neuromorphic Foundations",brain-structure,10.1001/JAMA.1910.04330040017004,564db6e501916bc5e2d871094324aa73e1a8937c,https://doi.org/10.1001/JAMA.1910.04330040017004,paper,unknown,6,brain; cerebral; cortex; brain/neural structure in title,
1910,"The Influence of the Brain on the Development and Function of the Male Sexual Organs [L'influenza del cervello sullo sviluppo e sulla funzione degli organi sessuali maschili]. (Riv. Sper. di Freniat., voi. xxxiv, fase. 2-4.) Ceni, C.",J. H. Macdonald,Unknown venue,1910-04-01,1,General Brain-AI Structure Reviews and Methods,brain-structure,10.1192/BJP.56.233.350,75859b164140d7e83e76a1ebd2c0654efa5978f0,https://doi.org/10.1192/BJP.56.233.350,paper,unknown,4,brain; brain/neural structure in title,
1910,The Lettsomian Lectures ON THE CEREBELLUM AND ITS AFFECTIONS,J. S. Russell,British medical journal,1910-02-26,1,General Brain-AI Structure Reviews and Methods,brain-structure,10.1136/bmj.1.2565.497,25d27390fbf903f365edc12da9bf3aac59084256,https://doi.org/10.1136/bmj.1.2565.497,JournalArticle,unknown,2,brain; cerebellum,
1910,The Lettsomian Lectures ON THE CEREBELLUM AND ITS AFFECTIONS,J. S. Russell,Unknown venue,1910-02-19,1,General Brain-AI Structure Reviews and Methods,brain-structure,10.1136/bmj.1.2564.425,306b3d06b86cacb5ddb1051481086d968155fbb7,https://doi.org/10.1136/bmj.1.2564.425,paper,unknown,2,brain; cerebellum,
1910,"The relation of the thalamus to respiration, blood pressure and blood supply of the spleen",E. Sachs,Unknown venue,1910-05-01,1,General Brain-AI Structure Reviews and Methods,,10.3181/00379727-7-106,6e930ed0217bb2d18671162f4758575eb56fc022,https://doi.org/10.3181/00379727-7-106,JournalArticle,unknown,2,brain; thalamus,
1910,"XVIII. Report of Two Cases of Brain Abscess in the Frontal Lobe, Secondary to Ethmoiditis and Frontal Sinusitis",John F. Mccoy,Unknown venue,1910-06-01,1,General Brain-AI Structure Reviews and Methods,brain-structure,10.1177/000348941001900202,32f02fbf1c532d526f85d517ec7c03c672d56da3,https://doi.org/10.1177/000348941001900202,JournalArticle,unknown,4,brain; brain/neural structure in title,
1910,"Über progressive cerebrale Diplegie und verwandte Formen, speziell über die juvenile und infantile Varietät der Tay-Sachsschen Krankheit oder der familiären amaurotischen Idiotie",H. Higier,Deutsche Zeitschrift für Nervenheilkunde,1910-09-01,1,General Brain-AI Structure Reviews and Methods,brain-structure,10.1007/BF01628428,1c7d32d9c9aba223e309495f562dd43479e7ba41,https://doi.org/10.1007/BF01628428,paper,unknown,2,brain; cerebral,
1910,"(1) The Brain and the Voice in Speech and Song (2) The Abuse of the Singing and Speaking Voice: Causes, Effects, and Treatment (3) The Voice An Introduction to Practical Phonology",J. McKENDRICK,Nature,1910-12-01,0,General Brain-AI Structure Reviews and Methods,brain-structure,10.1038/085199b0,525fb2dfaa471e319960a444d7576aadcf3990af,https://doi.org/10.1038/085199b0,paper,unknown,4,brain; brain/neural structure in title,THERE are now many manuals dealing with the voice and with the management of the voice and singing.
1910,A Case in Which the Clinical Symptoms Simulated a Cerebellar Abscess. Brain Explored on Two Occasions. No Abscess Discovered. Recovery,H. Tod,Proceedings of the Royal Society of Medicine,1910-06-01,0,Clinical NeuroAI and Brain Disorders,brain-structure;clinical-neuroai,10.1177/003591571000301135,5e3cfbe26a3fafe6090a45aeace8a80856d2b970,https://doi.org/10.1177/003591571000301135,JournalArticle,unknown,4,brain; brain/neural structure in title,
1910,A CASE OF CEREBRAL HEMORRHAGE SIMULATING CEREBRO-SPINAL MENINGITIS,J. Lloyd,Unknown venue,1910-02-01,0,General Brain-AI Structure Reviews and Methods,brain-structure,10.1097/00005053-191002000-00013,4daa3b632ce6eb99942441b44830e2c64f17c2f0,https://doi.org/10.1097/00005053-191002000-00013,paper,unknown,2,brain; cerebral,
1910,A CASE OF FATAL CEREBRAL HÆMORRHAGE FOLLOWING GASTRO-JEJUNOSTOMY FOR PYLORIC OBSTRUCTION.,C. Whiteford,Unknown venue,1910-02-01,0,General Brain-AI Structure Reviews and Methods,brain-structure,10.1016/S0140-6736(00)51191-X,513626fad8ff019cd68ab67ee950654ad8cd7713,https://doi.org/10.1016/S0140-6736(00)51191-X,paper,unknown,2,brain; cerebral,
1910,A CASE OF SPASTIC PARAPLEGIA FOLLOWING CEREBRAL INJURY: INTRASPINAL NEURECTOMY OF POSTERIOR ROOTS FOR RELIEF OF SPASTICITY,"A. S. Taylor, C. Beling",Unknown venue,1910-08-01,0,General Brain-AI Structure Reviews and Methods,brain-structure,10.1097/00005053-191008000-00012,e55c54396cf743748f558319b4780e2f82636d2a,https://doi.org/10.1097/00005053-191008000-00012,paper,unknown,2,brain; cerebral,
1910,A CASE WITH SYMPTOMS OF POLYNEURITIS. DEATH IN TEN DAYS. EXHIBITION OF THE BRAIN,A. Gordon,Unknown venue,1910-09-01,0,General Brain-AI Structure Reviews and Methods,brain-structure,10.1097/00005053-191009000-00014,89e203d1b9f9c8bb2f8705e47d04743a2da076b2,https://doi.org/10.1097/00005053-191009000-00014,paper,unknown,4,brain; brain/neural structure in title,
1910,A complicated cerebral case with pathological findings,C. F. Welty,Unknown venue,1910-11-01,0,General Brain-AI Structure Reviews and Methods,brain-structure,10.1288/00005537-191011000-00013,9df6ba20ee4c30ee43b4f8fa9b586fd456a7dd52,https://doi.org/10.1288/00005537-191011000-00013,paper,unknown,2,brain; cerebral,
1910,A demonstration model of the brain-stem,R. W. Harvey,Unknown venue,1910-07-01,0,Computational Neuroscience and Brain-Inspired AI,brain-structure,10.1002/ar.1090040703,566718a28962cc7dcc8d4dbedc2220c9640d9a33,https://doi.org/10.1002/ar.1090040703,paper,unknown,16,brain; computational neuroscience; brain/neural structure in title; explicit brain-structure/AI bridge,
1910,A New vestibular symptom in disease of the cerebellum,DOZENT DR. Barany,Unknown venue,1910-05-01,0,General Brain-AI Structure Reviews and Methods,brain-structure,10.1288/00005537-191005000-00007,afe55311d95c596bf96714f63470f32e9be59862,https://doi.org/10.1288/00005537-191005000-00007,paper,unknown,2,brain; cerebellum,
1910,"A note on brain abscess formations, with report of cases",S. MAC CUEN SMITH,Unknown venue,1910-08-01,0,General Brain-AI Structure Reviews and Methods,brain-structure,10.1288/00005537-191008000-00006,2ba2b7aadebbdda039c3f69ba24070e872baaf0b,https://doi.org/10.1288/00005537-191008000-00006,paper,unknown,4,brain; brain/neural structure in title,
1910,A Review of Some Points in Cerebral Physiology with Reference to their Application to Surgery of the Brain.,S. Hyman,California state journal of medicine,1910-11-01,0,General Brain-AI Structure Reviews and Methods,brain-structure,,423afa4d1ca6a22598d06c5e7446bc6a1e782759,https://www.semanticscholar.org/paper/423afa4d1ca6a22598d06c5e7446bc6a1e782759,JournalArticle; Review,unknown,5,brain; cerebral; brain/neural structure in title,
1910,"A. Debray. Pathogenesis and treatment of tabes dorsalis Pathogenic du tabes Treatment. journal de neurologic, 1909, no. 22",V. Likhnitsky,Neurology Bulletin,1910-01-21,0,General Brain-AI Structure Reviews and Methods,brain-structure,10.17816/nb100617,4d13e2880fa4d2712a64610e64ac713aecc48a07,https://doi.org/10.17816/nb100617,paper,unknown,1,brain,"At the beginning of the article, the author summarizes the work of representatives of the French school (Nageotte, R."
1910,About the permanent drainage of the ventricle of the brain with its dropsy,V. Perimov,Neurology Bulletin,1910-01-21,0,"Cellular, Synaptic, and Neuromorphic Foundations",brain-structure,10.17816/nb100529,13b6e14b747586c74ae24b561ef4cc09e706fb6a,https://doi.org/10.17816/nb100529,paper,unknown,5,brain; cerebral; brain/neural structure in title,"In many intracranial diseases, it was precisely the symptoms of increased cerebral pressure that forced one to resort to surgical intervention, which gave excellent results: for example, removal of hematomas and ligation of the vessel in case of bleeding from the arteria meningea media or opening of brain abscesses."
1910,"Acute Cerebral Softening, ? Due to Venous Thrombosis","W. Harris, B. Spilsbury",Proceedings of the Royal Society of Medicine,1910-06-01,0,General Brain-AI Structure Reviews and Methods,brain-structure,10.1177/003591571000300835,7409d9e3a9fa0e8f5eeff230f5bf66f9e8422704,https://doi.org/10.1177/003591571000300835,JournalArticle,unknown,2,brain; cerebral,
1910,AN APPARATUS FOR SUPPORTING AND HOLDING THE HEAD AND SHOULDERS IN CEREBELLAR AND HIGH SPINAL OPERATIONS,Homer B. Smith,Unknown venue,1910-11-26,0,Clinical NeuroAI and Brain Disorders,brain-structure;clinical-neuroai,10.1001/JAMA.1910.04330220003003,3ddf698ee67c7353b147d7010c2e1ec71e1fee73,https://doi.org/10.1001/JAMA.1910.04330220003003,paper,unknown,1,cerebellum,The difficulties attending suboccipital and high spinal operations are largely due to the depth of the cerebellum and cord.
1910,AN EXTRACEREBELLAR TUMOR,E. L. Moorhead,Unknown venue,1910-12-10,0,Clinical NeuroAI and Brain Disorders,brain-structure,10.1001/jama.1910.04330240038012,3799b02a8c592a7ccb19e58f05c0ecf93ad4a06e,https://doi.org/10.1001/jama.1910.04330240038012,paper,unknown,2,brain; cerebellum,Extracerebellar tumors lie in the cerebello-pontine recess.
1910,Anatomy of Equisetum,Unknown authors,Botanical Gazette,1910-01-01,0,"Cellular, Synaptic, and Neuromorphic Foundations",brain-structure,10.1086/330116,24f740ff61300c27bc17c7c4ffaa08d1596392d7,https://doi.org/10.1086/330116,paper,unknown,2,brain; cortex,"them to discover if these bunches might correspond in any way with the ""root tubercles"" of recent plants."
1910,Annotations,Unknown authors,The Hospital,1910-01-29,0,"Cognitive Architectures, Learning, and Systems Neuroscience",brain-structure;neuroimaging,10.1136/bmj.2.4308.143-a,7e7f0900d2f6449ee05a530a6e21a2d0c2f2efc9,https://doi.org/10.1136/bmj.2.4308.143-a,JournalArticle,unknown,5,brain; historical computation/learning bridge,"RESETTLEMENT OF THE DISABLED The proposals of the Tomlinson Committee, more properly known as the Interdepartmental Committee on Rehabilitation, included the scheduling of certain occupations for the benefit of disabled persons and the establishment of a register of such persons."
1910,Annotations,"T. Savill, H. Campbell",The Hospital,1910-04-16,0,Clinical NeuroAI and Brain Disorders,brain-structure;clinical-neuroai,10.1136/bmj.1.4403.740,12be649e6daee9d0238b3112161cb0d4c97bf6eb,https://doi.org/10.1136/bmj.1.4403.740,JournalArticle,unknown,1,cerebral,have been used as dural substitutes and in the prevention of meningo-cerebral adhesions.
1910,Annotations,Unknown authors,The Hospital,1910-01-22,0,Clinical NeuroAI and Brain Disorders,clinical-neuroai,10.1136/bmj.1.4446.439,31c02a526f58494f4cf68dc68fd093a270775966,https://doi.org/10.1136/bmj.1.4446.439,JournalArticle,unknown,0,Semantic Scholar brain-AI query,"WHAT IS GASTRIC FLU ? A diagnosis of gastric flu, or intestinal grippe as the Americans call it, is to-day made more often by the layman than by the medical practitioner."
1910,Annotations,John Ambulance,The Hospital,1910-10-22,0,General Brain-AI Structure Reviews and Methods,clinical-neuroai,10.1136/bmj.1.4088.985,9aa8c0188fcc50ab4355a1ea46220cbb660a10a2,https://doi.org/10.1136/bmj.1.4088.985,JournalArticle; Review,unknown,0,Semantic Scholar brain-AI query,"the atmosphere of a small, ill-ventilated garage deadly within five minutes."
1910,Book Review: Abscess of the Brain. (Der Hirnabszess),Unknown authors,Unknown venue,1910-06-01,0,General Brain-AI Structure Reviews and Methods,brain-structure,10.1177/000348941001900226,43d91789e548e899872530230c1a1c685b164cad,https://doi.org/10.1177/000348941001900226,Review,unknown,4,brain; brain/neural structure in title,
1910,Brain Tumor with Exhibit of Two Living Cases,W. Taylor,Atlanta journal-record of medicine,1910-06-01,0,Clinical NeuroAI and Brain Disorders,brain-structure,,9897b8eadc4ebe0dd1fa8bb0876ee7f77bfa92c5,https://www.semanticscholar.org/paper/9897b8eadc4ebe0dd1fa8bb0876ee7f77bfa92c5,JournalArticle,unknown,4,brain; brain/neural structure in title,
1910,Case of Sarcoma of Brain Two Years and Four Months after Operation,J. Hodsdon,Edinburgh medical journal,1910-09-01,0,General Brain-AI Structure Reviews and Methods,brain-structure,,d9846017947f8dc61185a9404b4560f16bb39739,https://www.semanticscholar.org/paper/d9846017947f8dc61185a9404b4560f16bb39739,paper,unknown,4,brain; brain/neural structure in title,His illness began about the middle of Decembei 1907 \vit a su t en attack of giddiness.
1910,CENTRAL FLAP IN EXPOSURE OF BRAIN: EXPERIMENTAL STUDY ON MONKEYS,"A. Werelius, J. J. Moorhead",Unknown venue,1910-03-19,0,General Brain-AI Structure Reviews and Methods,brain-structure,10.1001/JAMA.1910.92550380001001G,aa68de628326d1b771cbdd1aa0e1fe7acf077bdc,https://doi.org/10.1001/JAMA.1910.92550380001001G,paper,unknown,4,brain; brain/neural structure in title,
1910,Cerebral Hæmorrhage from Luetic Vessels,H. Head,Proceedings of the Royal Society of Medicine,1910-06-01,0,General Brain-AI Structure Reviews and Methods,brain-structure,10.1177/003591571000300811,15fd34ecdd4e475afae0adb43baf244a8e6b015f,https://doi.org/10.1177/003591571000300811,JournalArticle,unknown,2,brain; cerebral,
1910,CEREBRAL SYPHILIS: A CLINICAL REPORT OF SIX CASES WITH SUGGESTIONS AS TO TREATMENT,E. Hunt,Unknown venue,1910-05-07,0,Clinical NeuroAI and Brain Disorders,brain-structure;clinical-neuroai,10.1001/jama.1910.92550450001001i,c975e4344534142dc060e21cc24a559e78cc2a02,https://doi.org/10.1001/jama.1910.92550450001001i,paper,unknown,1,cerebral,
1910,Cerebral Tumour Causing Sensory Aphasia; Death by Left-Handed Suicidal Cut-Throat,J. Pirie,Edinburgh medical journal,1910-03-01,0,"Cognitive Architectures, Learning, and Systems Neuroscience",brain-structure;clinical-neuroai,,7078363a72dd112d84da6d3e0c836382b5c026b5,https://www.semanticscholar.org/paper/7078363a72dd112d84da6d3e0c836382b5c026b5,paper,unknown,5,cerebral; historical computation/learning bridge,use the clinical notes of the case. His complaint on admission was headache and loss of memory of four weeks' duration.
1910,Cerebral Tumour Causing Sensory Aphasia; Death by Left-Handed Suicidal Cut-Throat.,Pirie Jhh,Unknown venue,1910-03-01,0,General Brain-AI Structure Reviews and Methods,brain-structure,,1190f0f4d512be83732ea1c13c64482cabc9893e,https://www.semanticscholar.org/paper/1190f0f4d512be83732ea1c13c64482cabc9893e,paper,unknown,2,brain; cerebral,
1910,CHOKED DISC IN ITS RELATION TO CEREBRAL TUMOR AND TREPHINING,A. Saenger,Unknown venue,1910-09-24,0,Clinical NeuroAI and Brain Disorders,brain-structure;clinical-neuroai,10.1001/JAMA.1910.04330130036010,3829d7b731a3a5bd9649d534db6121de399ca8a6,https://doi.org/10.1001/JAMA.1910.04330130036010,paper,unknown,1,cerebral,"When I was invited to be the guest of the Section on Nervous and Mental Diseases of the American Medical Association, and to read a paper before this famous body, I felt highly honored, and it was with the greatest pleasure and thanks that I accepted this invitation."
1910,COBWEB BRAIN: A CONTRIBUTION TO THE PATHOLOGY OF IDIOCY,E. Hunt,Unknown venue,1910-09-17,0,General Brain-AI Structure Reviews and Methods,brain-structure,10.1001/jama.1910.04330120020007,8060fc4a3b3a22dadc8958292ec6cfc67f2c9e9e,https://doi.org/10.1001/jama.1910.04330120020007,paper,unknown,4,brain; brain/neural structure in title,The following case occurred in the service of Dr.
1910,Communications,F. S. Lee,The Journal of African History,1910-11-01,0,Structural Neuroimaging and AI,brain-structure;machine-learning,10.1113/jphysiol.1975.sp010830,d02acae1c4924eb452bd09de7d2b8269951cfa4d,https://doi.org/10.1113/jphysiol.1975.sp010830,JournalArticle,unknown,14,brain; cortical; classification; explicit brain-structure/AI bridge,"mean firing rate to such stimuli. Thus there are four major classes of cells: simple sustained, simple transient, complex sustained and complex transient."
1910,"Conditioned reflexes in dogs from hearing to salivation, training dogs to grasp food from hearing, the influence of conditioned. reflexes to resolve the issue of the existence of auditory centers in the brain",V. Larionov,Neurology Bulletin,1910-11-15,0,"Cognitive Architectures, Learning, and Systems Neuroscience",brain-structure,10.17816/nb104715,aff71c038f574e0b58f50d78b2ae4cb94b2b305e,https://doi.org/10.17816/nb104715,paper,unknown,7,brain; cerebral; cortex; cortical; brain/neural structure in title,"In 1908, from the physiological department of the Institute of Experimental Medicine, prof."
1910,Diabetes,"A. Singh-Manoux, R. Schmidt",Neurology,1910-11-01,0,"Cognitive Architectures, Learning, and Systems Neuroscience",brain-structure;clinical-neuroai,10.1212/WNL.0000000000001671,7dab7658ad2368890e9b19649833fcbbc1b9dab2,https://doi.org/10.1212/WNL.0000000000001671,paper,unknown,1,brain,"Hyperglycemia, caused by impaired insulin sensitivity or secretion, is the hallmark of diabetes."
1910,Diseases of Children,"G. H. Melville, A. Martin",Edinburgh medical journal,1910-05-01,0,Clinical NeuroAI and Brain Disorders,brain-structure;clinical-neuroai,,89d864abd1683556ad52a98adb9ccbbd94853a21,https://www.semanticscholar.org/paper/89d864abd1683556ad52a98adb9ccbbd94853a21,paper,unknown,1,brain,"Dr. Alfred Martin (Brain, August 1909) has in this paper sifted the evidence obtainable to show that meningitis is sometimes recovered from, and that long remissions may occur during its course."
1910,"Doctor Williamson. Cerebrospinal fluid in progressive paralysis and syphilis of the nervous system. The cerebro-spinal fluid in general paralysis and the neurol. lues. - The journal of mental science, 1909",Pavel I. Kovalevsky,Neurology Bulletin,1910-01-21,0,Clinical NeuroAI and Brain Disorders,clinical-neuroai,10.17816/nb100560,f08ec3562dd4758a104c69ddf7241b2ee442969e,https://doi.org/10.17816/nb100560,paper,unknown,0,Semantic Scholar brain-AI query,"The author studied the cerebrospinal fluid of progressive paralytics, syphilitics, mentally ill and healthy people."
1910,"E. L. Klyucheva. Staphylococcemia as a cause of mental illness. - Russian Doctor, 1910, № 32",I. D. Baklushinsky,Neurology Bulletin,1910-11-15,0,"Cognitive Architectures, Learning, and Systems Neuroscience",neuroimaging;clinical-neuroai,10.17816/nb104729,fd693d6bc7cb9dc894cf2fc78405711d9be2f494,https://doi.org/10.17816/nb104729,paper,unknown,0,Semantic Scholar brain-AI query,"The described case of an acute mental illness confirms the view of the majority of psychiatrists that has recently taken shape on the causes of mental disorders, as a result of poisoning and self-poisoning of the body and, in particular, the central nervous system."
1910,General Therapeutic Significance of Collargol,Unknown authors,Buffalo Medical Journal,1910-04-01,0,"Cognitive Architectures, Learning, and Systems Neuroscience",brain-structure;clinical-neuroai,,0e0c068c62bec72927c4c1865c804c78d12e150b,https://www.semanticscholar.org/paper/0e0c068c62bec72927c4c1865c804c78d12e150b,paper,unknown,1,cerebral,General Therapeutic Significance of Collargol DR.
1910,Heiwegs Dreikantenbahn in der Medulla oblongata,S. Thalbitzer-Aarhus,European Archives of Psychiatry and Neurological Sciences,1910-06-01,0,General Brain-AI Structure Reviews and Methods,,10.1007/BF02322941,315479cb8e60b789eb4ddeb7d358f8856de94e01,https://doi.org/10.1007/BF02322941,paper,unknown,1,brain,
1910,Hemiatrophy of Cerebral Hemisphere,"A. Firth, J. Ledingham",Proceedings of the Royal Society of Medicine,1910-06-01,0,General Brain-AI Structure Reviews and Methods,brain-structure,10.1177/003591571000301522,39049102665e81b713c74be28e0148124565dbc1,https://doi.org/10.1177/003591571000301522,JournalArticle,unknown,2,brain; cerebral,
1910,HEMIPLEGIA FOLLOWING ACUTE INFECTIONS,"W. A. Jones, A. Hamilton",Unknown venue,1910-10-08,0,"Cognitive Architectures, Learning, and Systems Neuroscience",brain-structure;clinical-neuroai,10.1001/jama.1910.04330150007003,0d460088399bc14eba26055ea2ec1f4caf84bd60,https://doi.org/10.1001/jama.1910.04330150007003,paper,unknown,1,cerebral,"The cerebral palsies of childhood have received considerable attention in certain rather elaborate treatises; such as those of McNutt, Lovett, Osler, Sachs and Spiller in this country, and of several writers abroad, but aside from these not much has appeared on the subject."
1910,Heredity,Archdall Reid,The Indian medical gazette,1910-12-01,0,"Connectomics, Graph Models, and Brain Networks",connectome,10.1136/bmj.1.4080.562-a,05730322fa93fc47c95e82f2973da5574c0ad7c8,https://doi.org/10.1136/bmj.1.4080.562-a,paper,unknown,3,brain; thalamus; hypothalamus,"of the subject merits. A very complete description is given of the action of adrenaline on the circulation, the conditions modifying its activity, and the factors controlling its secretion."
1910,Hexamethylenamin in Poliomyelitis,R. Preble,Unknown venue,1910-09-24,0,Clinical NeuroAI and Brain Disorders,clinical-neuroai,10.1001/JAMA.1910.04330130066022,da28c8119232a19735ed27b9e709c1f4d8d02765,https://doi.org/10.1001/JAMA.1910.04330130066022,paper,unknown,0,Semantic Scholar brain-AI query,"To the Editor:- The article in The Journal, September 17, has crystallized my intention to send you a suggestion in regard to the treatment of the epidemic anterior poliomyelitis."
1910,I. S. Makovsky. Sound reflexes during removal of the temporal regions of the cerebral hemispheres in dogs. Thesis. St. Petersburg,A. Favorsky,Neurology Bulletin,1910-11-15,0,General Brain-AI Structure Reviews and Methods,brain-structure;neuroimaging,10.17816/nb104720,cf04f39d4ca3c9cf7634170e32e0ea9102b9b581,https://doi.org/10.17816/nb104720,paper,unknown,2,brain; cerebral,"The author, at the suggestion of Prof. IP Pavlova, set himself the goal of studying the properties of the so-called artificial conditioned reflexes to a break in sounds."
1910,III. THE COMPARATIVE VALUE OF VASOMOTOR DRUGS IN RENAL HEMORRHAGES,C. Wiggers,Unknown venue,1910-04-01,0,General Brain-AI Structure Reviews and Methods,brain-structure,10.1001/ARCHINTE.1910.00050260025002,04ba0374559889de283d6c2e7190e58ceeb0e587,https://doi.org/10.1001/ARCHINTE.1910.00050260025002,paper,unknown,1,brain,"I. INTRODUCTION Since the lowering of blood-pressure during hemorrhage contributes materially to its natural diminution, it is argued that a further reduction in pressure should favor a more prompt cessation."
1910,Inflammation in tissues separated from connection with the central nervous system,W. G. Maccallum,Unknown venue,1910-05-01,0,General Brain-AI Structure Reviews and Methods,,10.3181/00379727-7-115,5407fcfbb136726ca00402aa5c54a261c2bedd5c,https://doi.org/10.3181/00379727-7-115,JournalArticle,unknown,1,brain,An attempt was made to study the cause of inflammation in tissues separated from connection with the central nervous system as compared with that in normal tissues.
1910,"Kafka. Technique and significance of cytological examination of the craniocerebral fluid. Ueber Technik und Bedeutung der cytologischen Untersuchung des Liquor cerebrospinalis. - Monatschrift für Psych. and Neurol. XXVII,414 (1910)",Vitaly N. Likhnitsky,Neurology Bulletin,1910-11-15,0,General Brain-AI Structure Reviews and Methods,brain-structure,10.17816/nb104735,ed6d891a50f0caa386256fab681ef0f8ff7660f6,https://doi.org/10.17816/nb104735,paper,unknown,1,cerebral,"The most accurate results in determining the number of formed elements in the cerebrospinal fluid are obtained, as the author notes, with the use of stained preparations."
1910,"L. Bruns. Recognition and treatment of brain tumors. -Modern Clinic and Therapy № 3 and 4, 1910",I. D. Baklushinsky,Neurology Bulletin,1910-11-15,0,Clinical NeuroAI and Brain Disorders,brain-structure;neural-signals;clinical-neuroai,10.17816/nb104734,330132dc9d3e17b92ec4657fc43ce55d4c54aa2e,https://doi.org/10.17816/nb104734,paper,unknown,5,brain; ecog; brain/neural structure in title,"In the treatment of brain tumors, the correct establishment of differentials is especially important."
1910,L. Valkovsky. To the question of hysterical fever. - New in medicine. 1910 № 13 - № 14,I. D. Baklushinsky,Neurology Bulletin,1910-11-15,0,General Brain-AI Structure Reviews and Methods,,10.17816/nb104728,fd2e194e52c34bae5e2fb18b2ab15ff3a69cf8e8,https://doi.org/10.17816/nb104728,paper,unknown,0,Semantic Scholar brain-AI query,"Having collected the literature on this subject, the author describes a case of an increase in t to a paradoxical height of 46, accompanied by purely hysterical symptoms."
1910,Leslie Paton. Neuritis optica and its relation to brain tumors. A clinical study of optic neuritis in its relationship to intracranial tumours. brain. 1909,V. Likhnitsky,Neurology Bulletin,1910-01-21,0,Clinical NeuroAI and Brain Disorders,brain-structure;clinical-neuroai,10.17816/nb100547,8dfbcd2a8881b85fb7ac8c1c796deadb5c1e8eda,https://doi.org/10.17816/nb100547,paper,unknown,4,brain; brain/neural structure in title,"The author cites the results of his observations on 200 patients with brain tumors; in all these cases, the clinical diagnosis was confirmed at autopsy or surgery."
1910,"Lhermitte et Giccione. Rare symptoms and lesions in multiple sclerosis. De quelques symptoms et lesiones rares dans la sclerose en plaques. - Encephale, 1910, No. 3",V. Likhnitsky,Neurology Bulletin,1910-11-15,0,"Cellular, Synaptic, and Neuromorphic Foundations",brain-structure,10.17816/nb104723,7d1d339cf19a0250c613291d516ec8efe436f81d,https://doi.org/10.17816/nb104723,paper,unknown,1,cortical,"The described case represents the peculiarity that plaques of sclerosis were scattered not only in the white matter of the hemispheres and spinal cord, but also captured the gray cortical substance."
1910,Lumbar Puncture in Poliomyelitis,E. E. Mayer,Unknown venue,1910-10-15,0,Clinical NeuroAI and Brain Disorders,clinical-neuroai,10.1001/jama.1910.04330160064027,b7aa179738f17b9053f1df4302cc0a1a7f74de38,https://doi.org/10.1001/jama.1910.04330160064027,paper,unknown,0,Semantic Scholar brain-AI query,"To the Editor:- Dr. Flexner's admirable paper on the important work of himself and co-workers on poliomyelitis, in The Journal, Sept."
1910,M. E. Elyasson. A study of the hearing ability of a dog under normal conditions and with partial bilateral removal of the cortical center of hearing. Thesis. St. Petersburg,A. Favorsky,Neurology Bulletin,1910-11-15,0,General Brain-AI Structure Reviews and Methods,brain-structure;neuroimaging,10.17816/nb104721,699db625c9cc80afa1c911e478d7f6a1f8287e62,https://doi.org/10.17816/nb104721,Review,unknown,2,brain; cortical,"This work, carried out at the suggestion and under the guidance of Prof."
1910,M. P. Nikitin. about apraxia. Medical newspaper. 1909 No. 49 and No. 50,Y. Bogatyrev,Neurology Bulletin,1910-01-21,0,General Brain-AI Structure Reviews and Methods,brain-structure,10.17816/nb100550,2e84406b086f90adb2d5adebea796f825a1ebebb,https://doi.org/10.17816/nb100550,paper,unknown,2,cerebral; cortex,"The doctrine of apraxia, which began only 9 years ago with the research of Liepmann, now illuminates with sufficient clarity many phenomena in the field of motor disorders of neuropsychic origin."
1910,Medicine,Unknown authors,Edinburgh medical journal,1910-03-01,0,Clinical NeuroAI and Brain Disorders,brain-structure;connectome;neural-signals;clinical-neuroai,,e5a671089460efd1d07e75e9c99a47c1f1a5f872,https://www.semanticscholar.org/paper/e5a671089460efd1d07e75e9c99a47c1f1a5f872,paper,unknown,2,cerebral; ecog,"Atonic-Astatic Cerebral Paralysis.?At present three main types of infantile cerebral paralysis are generally recognised?the spastic type, the athetotic or choreatic type, and the cerebellar type, the last characterised by having as its chief feature inco-ordination."
1910,Meetings of Societies,Unknown authors,Edinburgh medical journal,1910-03-01,0,Clinical NeuroAI and Brain Disorders,brain-structure;clinical-neuroai,,656cb44f91c88d66724ce6f4454a805cff5806a1,https://www.semanticscholar.org/paper/656cb44f91c88d66724ce6f4454a805cff5806a1,paper,unknown,1,cerebral,"A MEETING was held on 2nd February, Dr. Byrom Bramwell, President, in the chair."
1910,"N. R. Botvinlka, E. R. Hesse and E. A. Giese. On the issue of recognizing tumors of the cerebral appendage, - Russian Doctor, 1910, № 29",I. D. Baklushinsky,Neurology Bulletin,1910-11-15,0,"Cognitive Architectures, Learning, and Systems Neuroscience",brain-structure;neural-signals,10.17816/nb104727,eaafd271874ff8bd2d17400222d91d0bf0972940,https://doi.org/10.17816/nb104727,paper,unknown,4,cerebral; eeg; meg; ecog,Early recognition of this disease can serve as a sufficient guarantee of the success of its operative detection.
1910,Note Concerning Brain and Other Visceral Weights in Sixty-Six Subjects Showing Carcinoma and Sarcoma,N. B. Burns,Unknown venue,1910-08-04,0,General Brain-AI Structure Reviews and Methods,brain-structure,10.1056/NEJM191008041630516,88f6b744eaedc689c69e2071b05541073b3481ae,https://doi.org/10.1056/NEJM191008041630516,paper,unknown,4,brain; brain/neural structure in title,
1910,NOTE ON TWO CASES OF CEREBRAL HÆMORRHAGE ASSOCIATED WITH ANÆSTHESIA.,H. Fairlie,Unknown venue,1910-11-01,0,General Brain-AI Structure Reviews and Methods,brain-structure,10.1016/S0140-6736(01)08451-3,dc5063cb4eb2dd92873841b8b07e26b50d0c7bac,https://doi.org/10.1016/S0140-6736(01)08451-3,paper,unknown,2,brain; cerebral,
1910,NOTES ON A CASE OF INFECTION OF THE BASE OF THE BRAIN FROM A CARIOUS TOOTH.,S. Milner,Unknown venue,1910-11-01,0,General Brain-AI Structure Reviews and Methods,brain-structure,10.1016/S0140-6736(01)08453-7,37a7dd535fbf57b1a08efea4019b8f7cc5533cc9,https://doi.org/10.1016/S0140-6736(01)08453-7,paper,unknown,4,brain; brain/neural structure in title,
1910,Notes on Books,Robert Bing's,Edinburgh medical journal,1910-11-01,0,"Connectomics, Graph Models, and Brain Networks",brain-structure;connectome,10.1093/notesj/s6-i.25.508-a,d2c25d7ccb67e20e22cedde4ddc744303fdfc331,https://doi.org/10.1093/notesj/s6-i.25.508-a,paper,unknown,2,brain; cerebellum,Dr. Robert Bing's monograph Die Bedeutung der Spino-cerebellarem Systeme (J.
1910,Obituary,H. Walach,Complementary Medicine Research,1910-09-15,0,Clinical NeuroAI and Brain Disorders,brain-structure;clinical-neuroai,10.1177/146642408010000321,956b8bb8e7f370e4aa661df0da220265f3090bc2,https://doi.org/10.1177/146642408010000321,paper,unknown,2,brain; brainstem,"Professor Emeritus Ulf Lindblom, former president and one of the founders of the IASP, died on January 25, 2017, just a few days before his 90th birthday."
1910,Observations on Brain Surgery.,C. Bush,California state journal of medicine,1910-02-01,0,General Brain-AI Structure Reviews and Methods,brain-structure,,57625bbd87312f92932a8fcc38ce099d75c1d37b,https://www.semanticscholar.org/paper/57625bbd87312f92932a8fcc38ce099d75c1d37b,JournalArticle,unknown,4,brain; brain/neural structure in title,
1910,On Rheumatoid Arthritis,H. M. Church,Edinburgh medical journal,1910-01-01,0,Clinical NeuroAI and Brain Disorders,neuroimaging;clinical-neuroai,,bf390e614f9f0336bdfd6433b49f36d22cea2aed,https://www.semanticscholar.org/paper/bf390e614f9f0336bdfd6433b49f36d22cea2aed,paper,unknown,1,brain,"Mr. President and Fellows,?This paper has been suggested by the unique specimen which I have just shown to you?a metal penholder eaten through by the perspiration from the forefinger of a lady suffering from rheumatoid arthritis."
1910,On the Functions of the Optic Thalamus and the Corpus Striatum,J. V. Blachford,Unknown venue,1910-07-01,0,General Brain-AI Structure Reviews and Methods,,10.1192/BJP.56.234.452,420a7988cfd92bac3670a125576c3ebbe8f262b2,https://doi.org/10.1192/BJP.56.234.452,paper,unknown,2,brain; thalamus,
1910,On the issue of suturing peripheral nerves and dorsal roots of the spinal cord,Ilya I. Tsypkin,Neurology Bulletin,1910-11-15,0,"Cellular, Synaptic, and Neuromorphic Foundations",,10.17816/nb104718,c8dd0a9e09e34d826adb5da8876a3b50d4641a08,https://doi.org/10.17816/nb104718,paper,unknown,0,Semantic Scholar brain-AI query,"To what extent the regeneration of peripheral nerves after injury is a question resolved in a positive sense, and there is only a dispute about the mechanism of this regenerationthe regeneration of the spinal cord and, in particular, the posterior roots, is still denied by the majority of those who have worked on this issue."
1910,"P. F. Kolchin. A case of tumor of the right frontal lobe of the brain. Surgery, № 160, Apr. 1910",I. D. Baklushinsky,Neurology Bulletin,1910-11-15,0,Clinical NeuroAI and Brain Disorders,brain-structure;clinical-neuroai,10.17816/nb104733,7daa24d4d4f6829643b73239e4acd479ac141707,https://doi.org/10.17816/nb104733,paper,unknown,4,brain; brain/neural structure in title,For diff. Diagnosis is especially difficult in cases of tumors in the so-called indifferent places of the brain.
1910,Pneumococcus Vaccine in a Case of Meningitis of the Spine and Base of Brain Following Capillary Bronchitis; Recovery,J. Morris,Unknown venue,1910-04-21,0,General Brain-AI Structure Reviews and Methods,brain-structure,10.1056/NEJM191004211621606,a8fbc9031a6f22609a03c074ed6e9f46cca8a5bd,https://doi.org/10.1056/NEJM191004211621606,paper,unknown,4,brain; brain/neural structure in title,
1910,Practical Demonstration of the Dangers of Optometry,T. C. Janeway,Unknown venue,1910-11-19,0,Clinical NeuroAI and Brain Disorders,brain-structure,10.1001/JAMA.1910.04330210056019,a3fb0743b56477158750bff276c9e5ce2ca01c06,https://doi.org/10.1001/JAMA.1910.04330210056019,paper,unknown,1,brain,"To the Editor:- Knowing the active interest of the Association in the wide-spread agitation for laws licensing opticians to examine for refractile errors and prescribe glasses, I have thought that a striking instance of the dangers of this proceeding which has just come to my notice might well be recorded."
1910,PRESENTATION OF BRAIN WITH MULTIPLE TUBERCLES,J. Grinker,Unknown venue,1910-03-01,0,General Brain-AI Structure Reviews and Methods,brain-structure,10.1097/00005053-191003000-00006,db138141366fca86940e2d907476edba691a35c7,https://doi.org/10.1097/00005053-191003000-00006,paper,unknown,4,brain; brain/neural structure in title,
1910,PRESENTATION OF THREE BRAIN CASES,D'orsay Hecht,Unknown venue,1910-03-01,0,General Brain-AI Structure Reviews and Methods,brain-structure,10.1097/00005053-191003000-00004,209336610dd1fd70ba580c352a1260f6f5be1536,https://doi.org/10.1097/00005053-191003000-00004,paper,unknown,4,brain; brain/neural structure in title,
1910,"R. von den Velden. Observations on epileptics. The value of sodium chloride in some forms of epilepsy. Ein Beitrag zur Bedeutung des Chlornatrium fur gemisse Formen der Epilepsie-Deutsehe Zeitschrift für Nervenheilkunde, Bd. 38, 1909",V. Likhnitsky,Neurology Bulletin,1910-01-21,0,"Cognitive Architectures, Learning, and Systems Neuroscience",brain-structure;neural-signals;clinical-neuroai,10.17816/nb100609,18766bd10bad7f85b7ef40283d3841d00d63f805,https://doi.org/10.17816/nb100609,paper,unknown,2,brain; ecog,"At the beginning of the article, the author dwells on a whole series of studies on the displacement of chlorides in the body by bromides, studies that led to the recognition of the specific, toxic effect of bromine on nerve elements."
1910,"Remarks on the Surgical Aspect of Glycosuria, and on Diabetic Gangrene, with the Record of Three Cases in Which Amputation Was Performed for Gangrene in Diabetics under Spinal Anæsthesia",C. A. Morton,Bristol medico-chirurgical journal,1910-12-01,0,Clinical NeuroAI and Brain Disorders,neural-signals;clinical-neuroai,,4099bce6aeeba6d3079727a15e6a5681d6e433c8,https://www.semanticscholar.org/paper/4099bce6aeeba6d3079727a15e6a5681d6e433c8,JournalArticle,unknown,3,eeg; meg; ecog,The first question to be considered is what constitutes diabetes ?
1910,"REPORT OF A CASE OF MIDDLE MENINGEAL HEMORRHAGE ACCOMPANIED BY ACTUAL HEMIPLEGIA: OPERATION, RECOVERY",L. L. Smith,Unknown venue,1910-10-08,0,Clinical NeuroAI and Brain Disorders,brain-structure;clinical-neuroai,10.1001/jama.1910.04330150019007,18060fb40212d711ef4605e0b9e47b3edafb5704,https://doi.org/10.1001/jama.1910.04330150019007,paper,unknown,1,brain,"The occurrence of middle meningeal hemorrhage, unless accompanied with severe depressed and compound fractures of the skull, is not so frequent but that the following case may be of interest: History.- About midnight of April 4, 1909, I was called to see a workman who, I was told, was suffering from a scalp wound inflicted by means of a bricklayer's spirit-level, in the hands of a fellow-workman."
1910,"Some Observations on a Case of Sleeping Sickness: Coagulation Time of Blood, Albumoses, Choline, Cerebral Sections",V. Korke,Unknown venue,1910-12-20,0,General Brain-AI Structure Reviews and Methods,brain-structure,10.1080/00034983.1910.11685721,ecdf9d5f70683ae1bd6ef22a1ff5e1f4d07351e6,https://doi.org/10.1080/00034983.1910.11685721,paper,unknown,2,brain; cerebral,
1910,SOME REMARKS ON THE WORK OF ANDREW CONNAL 'A STUDY OF CEREBROSPINAL FLUID IN MENINGITIS',R. Jaksch,Unknown venue,1910-04-01,0,General Brain-AI Structure Reviews and Methods,,10.1093/OXFORDJOURNALS.QJMED.A069251,dfc50d49aeeca31dceea3c9a9a59a05eb03faf70,https://doi.org/10.1093/OXFORDJOURNALS.QJMED.A069251,paper,unknown,1,brain,
1910,SOME TYPES OF CEREBRAL ARTERIO-SCLEROSIS,C. I. Lambert,Unknown venue,1910-02-01,0,General Brain-AI Structure Reviews and Methods,brain-structure,10.1097/00005053-191002000-00008,7eefe92e78ee96ead62745dad15c1bdcfd955cba,https://doi.org/10.1097/00005053-191002000-00008,paper,unknown,2,brain; cerebral,
1910,Specimen of Large-Celled Sarcoma of Brain,J. T. León,Proceedings of the Royal Society of Medicine,1910-06-01,0,"Cellular, Synaptic, and Neuromorphic Foundations",brain-structure,10.1177/003591571000301574,4c572aef7a7fa27477f158dab8e7321f508c2cb7,https://doi.org/10.1177/003591571000301574,JournalArticle,unknown,4,brain; brain/neural structure in title,
1910,Surgery,H. Wade,Edinburgh medical journal,1910-10-01,0,General Brain-AI Structure Reviews and Methods,brain-structure,10.5694/j.1326-5377.1968.tb27475.x,0d795513f50a58fe0ee659e2e2964768e163f44d,https://doi.org/10.5694/j.1326-5377.1968.tb27475.x,Review,unknown,2,brain; cerebral,"in his study of Australian mortality believed that the deaths under the headings nervous, cardio-vascular, genitourinary and ""all other"" diseases could not be satisfactorily carried through the 60 years of this century in Australia as separate classes of disease, if deaths at ages 55 to 64 years were being considered."
1910,SYMPTOMATOLOGY AND LOCALIZATION OF OBRAIN TUMOR,W. G. Spiller,Unknown venue,1910-02-19,0,Clinical NeuroAI and Brain Disorders,brain-structure,10.1001/JAMA.1910.92550340001001,47414612b1c32eaff355243acd3e0dae330538fd,https://doi.org/10.1001/JAMA.1910.92550340001001,paper,unknown,4,brain; brain/neural structure in title,
1910,SYPHILITIC DISEASE OF THE ARTERIES OF THE CENTRAL NERVOUS SYSTEM WITH DETAILED REPORT OF A CASE,E. Hummel,Unknown venue,1910-09-17,0,General Brain-AI Structure Reviews and Methods,brain-structure,10.1001/jama.1910.04330120016004,a8cf8347fe8062ca4ca32d980c848d2032cbe079,https://doi.org/10.1001/jama.1910.04330120016004,paper,unknown,2,brain; cerebral,"The importance of arteritis or endarteritis as a lesion of syphilis has become well appreciated, especially since the writings of Huebner, Baumgarten, Marchand, Rieder, Nonne, and others."
1910,THE BLOOD-PRESSURE IN EPIDEMIC CEREBROSPINAL MENINGITIS,G. Robinson,Unknown venue,1910-05-01,0,General Brain-AI Structure Reviews and Methods,,10.1001/ARCHINTE.1910.00050270036004,f8b38af30b8537346b781f95542b276ad0191dc6,https://doi.org/10.1001/ARCHINTE.1910.00050270036004,paper,unknown,1,brain,Increased intracranial pressure is a phenomenon which is considered to be nearly always associated with acute inflammation of the cerebrospinal meninges.
1910,The Diagnosis of Fractured Skull Aided by the Finding of Brain Tissue in the Vomitus,Gordon T. Brown,Unknown venue,1910-08-04,0,Clinical NeuroAI and Brain Disorders,brain-structure;clinical-neuroai,10.1056/NEJM191008041630515,a32a1ef64db03358d12979edcccc47464e657954,https://doi.org/10.1056/NEJM191008041630515,paper,unknown,4,brain; brain/neural structure in title,
1910,THE EXTRUSION OF INTRASPINAL TUMORS: PRELIMINARY REPORT OF THE APPLICATION OF A NEW PRINCIPLE TO OPERATIONS FOR LOCALIZED EXTRAMEDULLARY AND INTRAMEDULLARY GROWTHS OF THE SPINAL CORD,C. Elsberg,Unknown venue,1910-04-16,0,Clinical NeuroAI and Brain Disorders,brain-structure;clinical-neuroai,10.1001/JAMA.1910.92550420001001K,3015da7869fe83dd89d8fea9c989b0a4763d4a21,https://doi.org/10.1001/JAMA.1910.92550420001001K,paper,unknown,1,brain,A few months ago I operated on a patient who presented the symptoms of an extramedullary tumor of the cervical spinal cord.
1910,"The Goulstonian Lectures ON A CONTRIBUTION TO THE LOCALISATION OF CEREBRAL FUNCTION, BASED ON THE CLINICO-PATHOLOGICAL STUDY OF MENTAL DISEASE.",J. Bolton,Unknown venue,1910-04-16,0,General Brain-AI Structure Reviews and Methods,brain-structure,10.1016/S0140-6736(01)14376-X,db9c9ced7bf110f3d3b71bbefac76b37a1ee648a,https://doi.org/10.1016/S0140-6736(01)14376-X,paper,unknown,2,brain; cerebral,
1910,The Interpretation of Certain Cerebral Symptoms with Reference to V. Monakow's Theory of Diaschisis,E. Taylor,Unknown venue,1910-05-12,0,"Electrophysiology, Neural Signals, and AI Decoding",brain-structure,10.1056/NEJM191005121621902,5ef0cd1acaa01858824fe8c027ef03e7e8230cb6,https://doi.org/10.1056/NEJM191005121621902,paper,unknown,3,cerebral; eeg; meg,
1910,THE INTERPRETATION OF CERTAIN CEREBRAL SYMPTOMS WITH REFERENCE TO v. MONAKOWʼS THEORY OF DIASCHISIS,E. Taylor,Unknown venue,1910-07-01,0,"Electrophysiology, Neural Signals, and AI Decoding",brain-structure,10.1097/00005053-191007000-00005,f97e90e0053e41090dd4801c5c9b33c31ded3588,https://doi.org/10.1097/00005053-191007000-00005,paper,unknown,3,cerebral; eeg; meg,
1910,The Lettsomian Lectures ON THE CEREBELLUM AND ITS AFFECTIONS,J. S. Russell,British medical journal,1910-02-19,0,General Brain-AI Structure Reviews and Methods,brain-structure,10.1136/bmj.1.2567.626-a,9fb3f291d2877abeef314563b832de1f5affb4e5,https://doi.org/10.1136/bmj.1.2567.626-a,JournalArticle,unknown,2,brain; cerebellum,
1910,THE TOPOGRAPHIC DIAGNOSIS OF SUBTENTORIAL BRAIN TUMORS,H. Hoppe,Unknown venue,1910-12-03,0,Clinical NeuroAI and Brain Disorders,brain-structure;connectome;clinical-neuroai,10.1001/JAMA.1910.04330230024008,95a2319c34694d7b2a7c69431b883f88bf8aebcc,https://doi.org/10.1001/JAMA.1910.04330230024008,paper,unknown,5,brain; cerebellum; brain/neural structure in title,"TOPOGRAPHIC DIAGNOSIS The question as to whether or not we shall operate for tumors in this region, and if we operate, whether the operation shall be radical or palliative, can be decided only by an accurate topographic diagnosis."
1910,The Value of Cerebrospinal Fluid Examination in the Diagnosis of Chronic Nervous Disease.,H. C. Moffitt,California state journal of medicine,1910-03-01,0,Clinical NeuroAI and Brain Disorders,clinical-neuroai,,4e223b90127a7abcf187a957b251ed20bb3307ac,https://www.semanticscholar.org/paper/4e223b90127a7abcf187a957b251ed20bb3307ac,JournalArticle; Review,unknown,1,brain,
1910,Thrombosis of Cerebral Arteries,H. Head,Proceedings of the Royal Society of Medicine,1910-06-01,0,General Brain-AI Structure Reviews and Methods,brain-structure,10.1177/003591571000300810,ec431bf1c55defc084de5437608a767302f1e881,https://doi.org/10.1177/003591571000300810,JournalArticle,unknown,2,brain; cerebral,
1910,TREATMENT OF TYPHOID BY CONTINUOUS SALINE INSTILLATION,D. Riesman,Unknown venue,1910-01-29,0,General Brain-AI Structure Reviews and Methods,brain-structure,10.1001/JAMA.1910.92550310001001J,3b1ce0b38c220bed7941b143c9b049c12c2effe9,https://doi.org/10.1001/JAMA.1910.92550310001001J,paper,unknown,2,brain; cerebral,I wish to preface what I have to say about the Murphy treatment in typhoid fever by a few remarks on the pathogenesis of the disease.
1910,TWO CASES OF BRAIN TUMOR,S. Jelliffe,Unknown venue,1910-07-01,0,Clinical NeuroAI and Brain Disorders,brain-structure,10.1097/00005053-191007000-00006,b9a7242159ce725c370d7ba38e08a46c0a9cd63d,https://doi.org/10.1097/00005053-191007000-00006,paper,unknown,4,brain; brain/neural structure in title,
1910,Two Cases of Brain Tumor,W. M. Donald,Unknown venue,1910-03-03,0,Clinical NeuroAI and Brain Disorders,brain-structure,10.1056/NEJM191003031620906,00715a4cdfa36b5e6611cde1c496d3404f66debe,https://doi.org/10.1056/NEJM191003031620906,paper,unknown,4,brain; brain/neural structure in title,
1910,Two Cases of Tumor in the Fourth Ventricle and Cerebellum.,"L. Newmark, M. Lennon",California state journal of medicine,1910-09-01,0,Clinical NeuroAI and Brain Disorders,brain-structure,,f7bece11b6580863ae99fed3a92d2b82805c3410,https://www.semanticscholar.org/paper/f7bece11b6580863ae99fed3a92d2b82805c3410,JournalArticle,unknown,2,brain; cerebellum,
1910,TYPE AND DISTRIBUTION OF SENSORY DISTURBANCES DUE TO CEREBRAL LESION,C. Camp,Unknown venue,1910-01-01,0,General Brain-AI Structure Reviews and Methods,brain-structure,10.1097/00005053-191001000-00002,6d5545003ffc65d835af4c974db674893a859e2f,https://doi.org/10.1097/00005053-191001000-00002,paper,unknown,2,brain; cerebral,
1910,Upper (in the pons Varolii) decussation of the motor (pyramidal) pathways and their relation to the nuclei of the pons Varolii and to the nuclei of the cranial nerves in some rodents,Pavel Y. Korolkov,Neurology Bulletin,1910-01-21,0,General Brain-AI Structure Reviews and Methods,,10.17816/nb100521,e63d3c8eef349499399c18b40aab41480ea4805a,https://doi.org/10.17816/nb100521,paper,unknown,0,Semantic Scholar brain-AI query,"Working on the central nervous system and using the Golgi method for staining it, as early as 1896 I had the opportunity to obtain microscopic preparations on which it was easy to verify that the fibers of the motor pyramidal bundles, passing through the pons Varolii, on their way separate collateral fibers from themselves to the nuclei of the pons Varolii."
1910,VACCINE THERAPY: GENERAL PRINCIPLES,M. Richardson,Unknown venue,1910-01-22,0,"Cellular, Synaptic, and Neuromorphic Foundations",,10.1001/JAMA.1910.92550300001001D,9d0f921a3f3c7c31dfd4e7cae38cbb7589d81f91,https://doi.org/10.1001/JAMA.1910.92550300001001D,paper,unknown,1,brain,"In studying the question of specific therapeutics it is important to bear in mind, in the first place, the fundamental distinction between passive and active immunity."
1910,XXIX. The Report of a Case of Cerebral Abscess Occurring in Connection with a Chronic Middle Ear Suppuration,H. Blackwell,Unknown venue,1910-06-01,0,General Brain-AI Structure Reviews and Methods,brain-structure,10.1177/000348941001900213,ee8006032e067487a10b7f4565b61fde47234e6b,https://doi.org/10.1177/000348941001900213,JournalArticle,unknown,2,brain; cerebral,
1910,"Zingerle. To the pathological anatomy of dementia praecox. Zur pathologischen Anatomie der dementia praecox. Monatsch. f. Psych. and Neurology. bd. XXVII, S. 285 (1910)",Vitaly N. Likhnitsky,Neurology Bulletin,1910-11-15,0,"Cellular, Synaptic, and Neuromorphic Foundations",brain-structure;clinical-neuroai,10.17816/nb104722,e23b2ebf04327a746f1b5c0f31b41f093dba7a77,https://doi.org/10.17816/nb104722,paper,unknown,1,brain,The author describes in detail the changes in the central nervous system that he found in the case of dementia praecox catatonica.
